city,lat,lng,country,iso2,iso3,population
Nancy,48.69,6.18,France,FR,FRA,105000.0
Tokyo,35.6897,139.6922,Japan,JP,JPN,37732000.0
Jakarta,-6.175,106.8275,Indonesia,ID,IDN,33756000.0
Delhi,28.61,77.23,India,IN,IND,32226000.0
Guangzhou,23.13,113.26,China,CN,CHN,26940000.0
Mumbai,19.0761,72.8775,India,IN,IND,24973000.0
Manila,14.5958,120.9772,Philippines,PH,PHL,24922000.0
Shanghai,31.1667,121.4667,China,CN,CHN,24073000.0
Sao Paulo,-23.55,-46.6333,Brazil,BR,BRA,23086000.0
Seoul,37.56,126.99,South Korea,KR,KOR,23016000.0
Mexico City,19.4333,-99.1333,Mexico,MX,MEX,21804000.0
Cairo,30.0444,31.2358,Egypt,EG,EGY,20296000.0
New York,40.6943,-73.9249,United States,US,USA,18972871.0
Dhaka,23.7639,90.3889,Bangladesh,BD,BGD,18627000.0
Beijing,39.904,116.4075,China,CN,CHN,18522000.0
Kolkata,22.5675,88.37,India,IN,IND,18502000.0
Bangkok,13.7525,100.4942,Thailand,TH,THA,18007000.0
Shenzhen,22.535,114.054,China,CN,CHN,17619000.0
Moscow,55.7558,37.6178,Russia,RU,RUS,17332000.0
Buenos Aires,-34.5997,-58.3819,Argentina,AR,ARG,16710000.0
Lagos,6.455,3.3841,Nigeria,NG,NGA,16637000.0
Istanbul,41.0136,28.955,Turkey,TR,TUR,16079000.0
Karachi,24.86,67.01,Pakistan,PK,PAK,15738000.0
Bangalore,12.9789,77.5917,India,IN,IND,15386000.0
Ho Chi Minh City,10.7756,106.7019,Vietnam,VN,VNM,15136000.0
Osaka,34.6939,135.5022,Japan,JP,JPN,15126000.0
Chengdu,30.66,104.0633,China,CN,CHN,14645000.0
Tehran,35.6892,51.3889,Iran,IR,IRN,14148000.0
Kinshasa,-4.325,15.3222,Congo (Kinshasa),CD,COD,12836000.0
Rio de Janeiro,-22.9111,-43.2056,Brazil,BR,BRA,12592000.0
Chennai,13.0825,80.275,India,IN,IND,12395000.0
Lahore,31.5497,74.3436,Pakistan,PK,PAK,12306000.0
Los Angeles,34.1141,-118.4068,United States,US,USA,12121244.0
London,51.5072,-0.1275,United Kingdom,GB,GBR,11262000.0
Paris,48.8567,2.3522,France,FR,FRA,11060000.0
Lima,-12.06,-77.0375,Peru,PE,PER,10320000.0
Nagoya,35.1833,136.9,Japan,JP,JPN,9197000.0
Taipei,25.0375,121.5625,Taiwan,TW,TWN,9078000.0
Luanda,-8.8383,13.2344,Angola,AO,AGO,9051000.0
Kuala Lumpur,3.1478,101.6953,Malaysia,MY,MYS,8911000.0
Chicago,41.8375,-87.6866,United States,US,USA,8595181.0
Hanoi,21.0283,105.8542,Vietnam,VN,VNM,8246600.0
Johannesburg,-26.2044,28.0456,South Africa,ZA,ZAF,8000000.0
Bogota,4.7111,-74.0722,Colombia,CO,COL,7968095.0
Dar es Salaam,-6.8161,39.2803,Tanzania,TZ,TZA,7962000.0
Khartoum,15.5006,32.56,Sudan,SD,SDN,7869000.0
Hong Kong,22.3,114.2,Hong Kong,HK,HKG,7450000.0
Riyadh,24.6333,46.7167,Saudi Arabia,SA,SAU,7237000.0
Santiago,-33.4372,-70.6506,Chile,CL,CHL,7171000.0
Chattogram,22.335,91.8325,Bangladesh,BD,BGD,7000000.0
Surabaya,-7.2458,112.7378,Indonesia,ID,IDN,6499000.0
Madrid,40.4169,-3.7033,Spain,ES,ESP,6211000.0
Baghdad,33.3153,44.3661,Iraq,IQ,IRQ,6183000.0
Singapore,1.3,103.8,Singapore,SG,SGP,5983000.0
Douala,4.05,9.7,Cameroon,CM,CMR,5768400.0
Miami,25.784,-80.2101,United States,US,USA,5711945.0
Dallas,32.7935,-96.7667,United States,US,USA,5668165.0
Giza,29.987,31.2118,Egypt,EG,EGY,5598402.0
Nairobi,-1.2864,36.8172,Kenya,KE,KEN,5545000.0
Guadalajara,20.6767,-103.3475,Mexico,MX,MEX,5525000.0
Ankara,39.93,32.85,Turkey,TR,TUR,5503985.0
Toronto,43.7417,-79.3733,Canada,CA,CAN,5429524.0
Saint Petersburg,59.95,30.3167,Russia,RU,RUS,5384342.0
Monterrey,25.6667,-100.3,Mexico,MX,MEX,5341171.0
Belo Horizonte,-19.9167,-43.9333,Brazil,BR,BRA,5328000.0
Rangoon,16.795,96.16,Myanmar,MM,MMR,5209541.0
Kashan,33.9833,51.4333,Iran,IR,IRN,5000000.0
Abidjan,5.3167,-4.0333,Côte d'Ivoire,CI,CIV,4980000.0
Alexandria,31.1975,29.8925,Egypt,EG,EGY,4870000.0
Sydney,-33.8678,151.21,Australia,AU,AUS,4840600.0
Barcelona,41.3825,2.1769,Spain,ES,ESP,4800000.0
Melbourne,-37.8142,144.9631,Australia,AU,AUS,4529500.0
Berlin,52.52,13.405,Germany,DE,DEU,4473101.0
Timbio,2.3445,-76.6839,Colombia,CO,COL,4444444.0
Casablanca,33.5333,-7.5833,Morocco,MA,MAR,4370000.0
Izmir,38.42,27.14,Turkey,TR,TUR,4320519.0
Kabul,34.5253,69.1783,Afghanistan,AF,AFG,4273156.0
Mogadishu,2.0392,45.3419,Somalia,SO,SOM,4249083.0
Amman,31.9497,35.9328,Jordan,JO,JOR,4007526.0
Jeddah,21.5433,39.1728,Saudi Arabia,SA,SAU,3976000.0
Kano,12.0,8.5167,Nigeria,NG,NGA,3848885.0
Abuja,9.0667,7.4833,Nigeria,NG,NGA,3770000.0
Yokohama,35.4442,139.6381,Japan,JP,JPN,3757630.0
Medan,3.5894,98.6739,Indonesia,ID,IDN,3632000.0
Ibadan,7.3964,3.9167,Nigeria,NG,NGA,3552000.0
Montreal,45.5089,-73.5617,Canada,CA,CAN,3519595.0
Busan,35.18,129.075,South Korea,KR,KOR,3453198.0
Algiers,36.7539,3.0589,Algeria,DZ,DZA,3415811.0
Mashhad,36.3,59.6,Iran,IR,IRN,3372090.0
Boankra,6.6944,-1.4028,Ghana,GH,GHA,3348000.0
Dubai,25.2631,55.2972,United Arab Emirates,AE,ARE,3331420.0
Faisalabad,31.4167,73.0911,Pakistan,PK,PAK,3203846.0
Santa Cruz,-17.7892,-63.1975,Bolivia,BO,BOL,3151676.0
Athens,37.9842,23.7281,Greece,GR,GRC,3041131.0
Addis Ababa,9.03,38.74,Ethiopia,ET,ETH,3041002.0
Brasilia,-15.7939,-47.8828,Brazil,BR,BRA,3039444.0
Taichung,24.1439,120.6794,Taiwan,TW,TWN,3033885.0
Kuwait City,29.3697,47.9783,Kuwait,KW,KWT,3000000.0
Budapest,47.4925,19.0514,Hungary,HU,HUN,2997958.0
Quezon City,14.63,121.03,Philippines,PH,PHL,2960048.0
Kyiv,50.45,30.5233,Ukraine,UA,UKR,2963199.0
Sanaa,15.3483,44.2064,Yemen,YE,YEM,2957000.0
Incheon,37.4833,126.6333,South Korea,KR,KOR,2936117.0
Guatemala City,14.6099,-90.5252,Guatemala,GT,GTM,2934841.0
Birmingham,52.48,-1.9025,United Kingdom,GB,GBR,2919600.0
Bursa,40.1833,29.05,Turkey,TR,TUR,2901396.0
Salvador,-12.9747,-38.4767,Brazil,BR,BRA,2886698.0
Rome,41.8931,12.4828,Italy,IT,ITA,2872800.0
La Paz,-16.5,-68.15,Bolivia,BO,BOL,2867504.0
Pyongyang,39.0194,125.7381,North Korea,KP,PRK,2863000.0
Omdurman,15.65,32.4833,Sudan,SD,SDN,2805396.0
Malang,-7.98,112.62,Indonesia,ID,IDN,2795209.0
Stuttgart,48.7775,9.18,Germany,DE,DEU,2787724.0
Kaohsiung,22.615,120.2975,Taiwan,TW,TWN,2733566.0
Guayaquil,-2.19,-79.8875,Ecuador,EC,ECU,2723665.0
Lisbon,38.7253,-9.15,Portugal,PT,PRT,2719000.0
Manchester,53.4794,-2.2453,United Kingdom,GB,GBR,2705000.0
Maracaibo,10.6333,-71.6333,Venezuela,VE,VEN,2658355.0
Mbuji-Mayi,-6.15,23.6,Congo (Kinshasa),CD,COD,2643000.0
Antananarivo,-18.9333,47.5167,Madagascar,MG,MDG,2610000.0
Munich,48.1375,11.575,Germany,DE,DEU,2606021.0
Santo Domingo,18.4764,-69.8933,Dominican Republic,DO,DOM,2581827.0
Tashkent,41.3111,69.2797,Uzbekistan,UZ,UZB,2571668.0
Medellin,6.2308,-75.5906,Colombia,CO,COL,2529403.0
Hamburg,53.55,10.0,Germany,DE,DEU,2484800.0
Cali,3.4206,-76.5222,Colombia,CO,COL,2471474.0
Lusaka,-15.4167,28.2833,Zambia,ZM,ZMB,2467563.0
Ouagadougou,12.3686,-1.5275,Burkina Faso,BF,BFA,2453496.0
Daegu,35.8717,128.6017,South Korea,KR,KOR,2461002.0
Yaounde,3.8667,11.5167,Cameroon,CM,CMR,2440462.0
Antalya,36.8874,30.7075,Turkey,TR,TUR,2426356.0
Accra,5.55,-0.2,Ghana,GH,GHA,2388000.0
Bekasi,-6.2349,106.9923,Indonesia,ID,IDN,2381053.0
Brisbane,-27.4678,153.0281,Australia,AU,AUS,2360241.0
Colombo,6.9344,79.8428,Sri Lanka,LK,LKA,2323826.0
Baku,40.3667,49.8352,Azerbaijan,AZ,AZE,2300500.0
Fukuoka,33.5833,130.4,Japan,JP,JPN,2286000.0
Vancouver,49.25,-123.1,Canada,CA,CAN,2264823.0
Caracas,10.4806,-66.9036,Venezuela,VE,VEN,2245744.0
Esfahan,32.6447,51.6675,Iran,IR,IRN,2219343.0
Harare,-17.8292,31.0522,Zimbabwe,ZW,ZWE,2150000.0
Kowloon,22.3167,114.1833,Hong Kong,HK,HKG,2108419.0
Havana,23.1367,-82.3589,Cuba,CU,CUB,2141652.0
Perth,-31.9559,115.8606,Australia,AU,AUS,2141834.0
Phnom Penh,11.5694,104.9211,Cambodia,KH,KHM,2129371.0
Haiphong,20.8651,106.6838,Vietnam,VN,VNM,2103500.0
Rawalpindi,33.6,73.0333,Pakistan,PK,PAK,2098231.0
Kumasi,6.6667,-1.6167,Ghana,GH,GHA,2069350.0
Gujranwala,32.1567,74.19,Pakistan,PK,PAK,2027001.0
Bamako,12.6458,-7.9922,Mali,ML,MLI,2009109.0
Quito,-0.22,-78.5125,Ecuador,EC,ECU,2011388.0
Minsk,53.9,27.5667,Belarus,BY,BLR,2009786.0
Tijuana,32.525,-117.0333,Mexico,MX,MEX,2002000.0
Bamenda,5.9614,10.1517,Cameroon,CM,CMR,2000000.0
Boosaaso,11.2886,49.1819,Somalia,SO,SOM,2000000.0
Vienna,48.2083,16.3725,Austria,AT,AUT,1973403.0
Karaj,35.8272,50.9489,Iran,IR,IRN,1973470.0
Kananga,-5.897,22.4488,Congo (Kinshasa),CD,COD,1971704.0
Ecatepec,19.6097,-99.06,Mexico,MX,MEX,1929926.0
Aleppo,36.2,37.16,Syria,SY,SYR,1916781.0
Almaty,43.2775,76.8958,Kazakhstan,KZ,KAZ,1916822.0
San Juan,18.3985,-66.061,Puerto Rico,PR,PRI,1915105.0
Blantyre,-15.7861,35.0058,Malawi,MW,MWI,1895973.0
Bucharest,44.4325,26.1039,Romania,RO,ROU,1883425.0
Tainan,22.9833,120.1833,Taiwan,TW,TWN,1874686.0
Port Harcourt,4.8242,7.0336,Nigeria,NG,NGA,1865000.0
Warsaw,52.23,21.0111,Poland,PL,POL,1860281.0
Meru,0.05,37.65,Kenya,KE,KEN,1833000.0
Brazzaville,-4.2694,15.2714,Congo (Brazzaville),CG,COG,1827000.0
Lubumbashi,-11.6647,27.4794,Congo (Kinshasa),CD,COD,1786397.0
Davao,7.0667,125.6,Philippines,PH,PHL,1776949.0
Damascus,33.5131,36.2919,Syria,SY,SYR,1754000.0
Brussels,50.8467,4.3525,Belgium,BE,BEL,1743000.0
Montevideo,-34.8836,-56.1819,Uruguay,UY,URY,1719453.0
Mosul,36.34,43.13,Iraq,IQ,IRQ,1694000.0
Caloocan City,14.65,120.97,Philippines,PH,PHL,1661584.0
Kampala,0.3136,32.5811,Uganda,UG,UGA,1680600.0
Tegucigalpa,14.1,-87.2167,Honduras,HN,HND,1682725.0
Mecca,21.4225,39.8233,Saudi Arabia,SA,SAU,1675368.0
Conakry,9.5092,-13.7122,Guinea,GN,GIN,1667864.0
Zhongli,24.965,121.2168,Taiwan,TW,TWN,1632616.0
Novosibirsk,55.0333,82.9167,Russia,RU,RUS,1625631.0
Narayanganj,23.62,90.5,Bangladesh,BD,BGD,1572386.0
Stockholm,59.3294,18.0686,Sweden,SE,SWE,1611776.0
Balandougou,13.3558,-9.5517,Mali,ML,MLI,1596882.0
Yopougon,5.3167,-4.0667,Côte d'Ivoire,CI,CIV,1571065.0
Cordoba,-31.4167,-64.1833,Argentina,AR,ARG,1565112.0
Sofia,42.7,23.33,Bulgaria,BG,BGR,1547779.0
San Jose,9.9325,-84.08,Costa Rica,CR,CRI,1543000.0
Panama City,8.9833,-79.5167,Panama,PA,PAN,1500189.0
Gwangju,35.1653,126.8486,South Korea,KR,KOR,1490092.0
Valencia,10.1667,-68.0,Venezuela,VE,VEN,1484430.0
Abu Dhabi,24.4667,54.3667,United Arab Emirates,AE,ARE,1483000.0
Yekaterinburg,56.8356,60.6128,Russia,RU,RUS,1468833.0
Amsterdam,52.3728,4.8936,Netherlands,NL,NLD,1459402.0
El Kelaa des Srarhna,32.0481,-7.4083,Morocco,MA,MAR,1450021.0
Dakar,14.6928,-17.4467,Senegal,SN,SEN,1438725.0
Kharkiv,49.9925,36.2311,Ukraine,UA,UKR,1446107.0
Khulna,22.8167,89.55,Bangladesh,BD,BGD,1400689.0
Muscat,23.6139,58.5922,Oman,OM,OMN,1421409.0
Tel Aviv-Yafo,32.08,34.78,Israel,IL,ISR,1388400.0
Ulaanbaatar,47.9203,106.9172,Mongolia,MN,MNG,1396288.0
Belgrade,44.82,20.46,Serbia,RS,SRB,1378682.0
Milan,45.4669,9.19,Italy,IT,ITA,1366180.0
Copenhagen,55.6761,12.5683,Denmark,DK,DNK,1366301.0
Auckland,-36.8406,174.74,New Zealand,NZ,NZL,1346091.0
Santiago,19.4572,-70.6889,Dominican Republic,DO,DOM,1343423.0
Prague,50.0875,14.4214,Czechia,CZ,CZE,1335084.0
Barranquilla,10.9833,-74.8019,Colombia,CO,COL,1326588.0
Al Basrah,30.515,47.81,Iraq,IQ,IRQ,1326564.0
Mandalay,21.9831,96.0844,Myanmar,MM,MMR,1319452.0
Adelaide,-34.9275,138.6,Australia,AU,AUS,1295714.0
Tripoli,32.8872,13.1914,Libya,LY,LBY,1293016.0
Porto,41.1621,-8.622,Portugal,PT,PRT,1278210.0
Cacuaco,-8.8053,13.2444,Angola,AO,AGO,1279488.0
Soweto,-26.2678,27.8585,South Africa,ZA,ZAF,1271628.0
Rosario,-32.9575,-60.6394,Argentina,AR,ARG,1276000.0
Canagatan,18.0,121.8,Philippines,PH,PHL,1273219.0
Helsinki,60.1708,24.9375,Finland,FI,FIN,1268296.0
Nizhniy Novgorod,56.3269,44.0075,Russia,RU,RUS,1264075.0
Comayaguela,14.0981,-87.2097,Honduras,HN,HND,1250000.0
Sharjah,25.3575,55.3908,United Arab Emirates,AE,ARE,1247749.0
Calgary,51.05,-114.0667,Canada,CA,CAN,1239220.0
Can Tho,10.0333,105.7833,Vietnam,VN,VNM,1237300.0
Mombasa,-4.05,39.6667,Kenya,KE,KEN,1208333.0
Gazipura,23.9889,90.375,Bangladesh,BD,BGD,1199215.0
Hargeysa,9.5631,44.0675,Somalia,SO,SOM,1200000.0
Chiang Mai,18.7953,98.9986,Thailand,TH,THA,1198000.0
Doha,25.2867,51.5333,Qatar,QA,QAT,1186023.0
Maputo,-25.9667,32.5833,Mozambique,MZ,MOZ,1191613.0
Mbandaka,0.0478,18.2558,Congo (Kinshasa),CD,COD,1187837.0
Pikine,14.75,-17.4,Senegal,SN,SEN,1170791.0
Medina,24.47,39.61,Saudi Arabia,SA,SAU,1180770.0
Dublin,53.35,-6.2603,Ireland,IE,IRL,1173179.0
Nay Pyi Taw,19.7475,96.115,Myanmar,MM,MMR,1160242.0
Kigali,-1.9536,30.0606,Rwanda,RW,RWA,1156663.0
Bafoussam,5.4667,10.4167,Cameroon,CM,CMR,1146000.0
Callao,-12.0333,-77.1333,Peru,PE,PER,1129854.0
Tbilisi,41.7225,44.7925,Georgia,GE,GEO,1118035.0
Fes,34.0433,-5.0033,Morocco,MA,MAR,1112072.0
Bien Hoa,10.95,106.8167,Vietnam,VN,VNM,1104000.0
Sevilla,37.24,-5.99,Spain,ES,ESP,1100000.0
N'Djamena,12.11,15.05,Chad,TD,TCD,1092066.0
Tamale,9.4075,-0.8533,Ghana,GH,GHA,1095808.0
Cologne,50.9364,6.9528,Germany,DE,DEU,1083498.0
Bujumbura,-3.3833,29.3667,Burundi,BI,BDI,1075000.0
Bishkek,42.8747,74.6122,Kyrgyzstan,KG,KGZ,1074075.0
Yerevan,40.1814,44.5144,Armenia,AM,ARM,1075800.0
Nur-Sultan,51.1472,71.4222,Kazakhstan,KZ,KAZ,1078362.0
Nouakchott,18.0858,-15.9785,Mauritania,MR,MRT,1077169.0
Vereeniging,-26.6736,27.9319,South Africa,ZA,ZAF,1074000.0
Oslo,59.9133,10.7389,Norway,NO,NOR,1064235.0
Edmonton,53.5344,-113.4903,Canada,CA,CAN,1062643.0
Tunis,36.8064,10.1817,Tunisia,TN,TUN,1056247.0
Barquisimeto,10.0678,-69.3467,Venezuela,VE,VEN,1059092.0
Matola,-25.9667,32.4667,Mozambique,MZ,MOZ,1032197.0
Managua,12.1544,-86.2738,Nicaragua,NI,NIC,1028808.0
Shymkent,42.3167,69.5958,Kazakhstan,KZ,KAZ,1028673.0
Niamey,13.515,2.1175,Niger,NE,NER,1026848.0
Shubra al Khaymah,30.1286,31.2422,Egypt,EG,EGY,1025569.0
Monrovia,6.3133,-10.8014,Liberia,LR,LBR,1021762.0
Odesa,46.4775,30.7326,Ukraine,UA,UKR,1017699.0
Port-au-Prince,18.5333,-72.3333,Haiti,HT,HTI,987310.0
Arequipa,-16.4,-71.5333,Peru,PE,PER,1008290.0
Kathmandu,27.7172,85.324,Nepal,NP,NPL,975453.0
Lilongwe,-13.9833,33.7833,Malawi,MW,MWI,989318.0
Asmara,15.3228,38.925,Eritrea,ER,ERI,963000.0
Freetown,8.4844,-13.2344,Sierra Leone,SL,SLE,951000.0
Vientiane,17.9667,102.6,Laos,LA,LAO,948487.0
Jerusalem,31.7784,35.2066,Israel,IL,ISR,919438.0
Riga,56.9489,24.1064,Latvia,LV,LVA,920643.0
Bangui,4.3733,18.5628,Central African Republic,CF,CAF,889231.0
Dushanbe,38.5367,68.78,Tajikistan,TJ,TJK,863400.0
Lome,6.1319,1.2228,Togo,TG,TGO,837437.0
Ashgabat,37.95,58.3833,Turkmenistan,TM,TKM,828100.0
Zagreb,45.8167,15.9833,Croatia,HR,HRV,809268.0
Libreville,0.3903,9.4542,Gabon,GA,GAB,797003.0
Cotonou,6.3667,2.4333,Benin,BJ,BEN,762000.0
Pretoria,-25.7461,28.1881,South Africa,ZA,ZAF,741651.0
Vilnius,54.6872,25.28,Lithuania,LT,LTU,708203.0
Chisinau,47.0228,28.8353,Moldova,MD,MDA,702300.0
Port Moresby,-9.4789,147.1494,Papua New Guinea,PG,PNG,700000.0
Skopje,41.9961,21.4317,Macedonia,MK,MKD,640000.0
Djibouti,11.5883,43.145,Djibouti,DJ,DJI,603900.0
Gaza,31.5069,34.456,Gaza Strip,XG,XGZ,590481.0
Kingston,17.9714,-76.7931,Jamaica,JM,JAM,580000.0
Rabat,34.0209,-6.8416,Morocco,MA,MAR,572717.0
San Salvador,13.6989,-89.1914,El Salvador,SV,SLV,567698.0
The Hague,52.08,4.31,Netherlands,NL,NLD,548320.0
Asuncion,-25.3,-57.6333,Paraguay,PY,PRY,524190.0
Juba,4.85,31.6,South Sudan,SS,SSD,525953.0
Maseru,-29.31,27.48,Lesotho,LS,LSO,519186.0
Bissau,11.85,-15.5667,Guinea-Bissau,GW,GNB,492004.0
Valletta,35.8983,14.5125,Malta,MT,MLT,480134.0
Bratislava,48.1439,17.1097,Slovakia,SK,SVK,475503.0
Manama,26.225,50.5775,Bahrain,BH,BHR,436000.0
Tallinn,59.4372,24.7453,Estonia,EE,EST,438341.0
Beirut,33.8869,35.5131,Lebanon,LB,LBN,361366.0
Cape Town,-33.9253,18.4239,South Africa,ZA,ZAF,433688.0
Tirana,41.3289,19.8178,Albania,AL,ALB,418495.0
Sarajevo,43.8564,18.4131,Bosnia and Herzegovina,BA,BIH,419957.0
Wellington,-41.2889,174.7772,New Zealand,NZ,NZL,418500.0
Banjul,13.4531,-16.5775,The Gambia,GM,GMB,413397.0
Yamoussoukro,6.8161,-5.2742,Côte d'Ivoire,CI,CIV,355573.0
Nicosia,35.1725,33.365,Cyprus,CY,CYP,330000.0
Saint-Denis,-20.8789,55.4481,Reunion,RE,REU,315080.0
Porto-Novo,6.4972,2.605,Benin,BJ,BEN,300000.0
Sucre,-19.0475,-65.26,Bolivia,BO,BOL,300000.0
Ljubljana,46.0514,14.5061,Slovenia,SI,SVN,286745.0
Nassau,25.0781,-77.3386,The Bahamas,BS,BHS,274400.0
Fort-de-France,14.6,-61.0667,Martinique,MQ,MTQ,253995.0
Gaborone,-24.6581,25.9122,Botswana,BW,BWA,231626.0
Paramaribo,5.8522,-55.2039,Suriname,SR,SUR,223757.0
Dili,-8.5536,125.5783,Timor-Leste,TL,TLS,222323.0
Dodoma,-6.1731,35.7419,Tanzania,TZ,TZA,213636.0
Georgetown,6.8058,-58.1508,Guyana,GY,GUY,200500.0
Gibraltar,36.1333,-5.35,Gibraltar,GI,GIB,187083.0
Malabo,3.75,8.7833,Equatorial Guinea,GQ,GNQ,187302.0
Suva,-18.1416,178.4419,Fiji,FJ,FJI,185913.0
Noumea,-22.2758,166.458,New Caledonia,NC,NCL,182341.0
Pristina,42.6633,21.1622,Kosovo,XK,XKS,161751.0
Male,4.1753,73.5089,Maldives,MV,MDV,133019.0
Port Louis,-20.1644,57.5042,Mauritius,MU,MUS,149194.0
Podgorica,42.4413,19.2629,Montenegro,ME,MNE,150977.0
Willemstad,12.108,-68.935,Curaçao,CW,CUW,150000.0
Bern,46.9481,7.4475,Switzerland,CH,CHE,133883.0
Gitega,-3.4283,29.925,Burundi,BI,BDI,135467.0
Reykjavik,64.1467,-21.94,Iceland,IS,ISL,135688.0
Luxembourg,49.6117,6.1319,Luxembourg,LU,LUX,132780.0
Papeete,-17.5334,-149.5667,French Polynesia,PF,PYF,131695.0
Praia,14.918,-23.509,Cabo Verde,CV,CPV,127832.0
Sri Jayewardenepura Kotte,6.9108,79.8878,Sri Lanka,LK,LKA,115826.0
Bridgetown,13.0975,-59.6167,Barbados,BB,BRB,110000.0
Moroni,-11.699,43.256,Comoros,KM,COM,111329.0
Thimphu,27.4722,89.6361,Bhutan,BT,BTN,104000.0
Mbabane,-26.3208,31.1617,Swaziland,SZ,SWZ,94874.0
Honiara,-9.4319,159.9556,Solomon Islands,SB,SLB,84520.0
Port of Spain,10.6667,-61.5167,Trinidad and Tobago,TT,TTO,81142.0
Castries,14.0167,-60.9833,Saint Lucia,LC,LCA,70000.0
Putrajaya,2.93,101.69,Malaysia,MY,MYS,67964.0
Cayenne,4.933,-52.33,French Guiana,GF,GUF,61550.0
Sao Tome,0.3361,6.7306,Sao Tome and Principe,ST,STP,56166.0
Port-Vila,-17.7333,168.3167,Vanuatu,VU,VUT,51437.0
Bandar Seri Begawan,4.8903,114.9422,Brunei,BN,BRN,50000.0
Monaco,43.7333,7.4167,Monaco,MC,MCO,36371.0
Apia,-13.8333,-171.75,Samoa,WS,WSM,37708.0
Tarawa,1.3382,173.0176,Kiribati,KI,KIR,28802.0
Oranjestad,12.5186,-70.0358,Aruba,AW,ABW,34980.0
Saint Helier,49.1858,-2.11,Jersey,JE,JEY,33522.0
Mamoudzou,-12.7794,45.2272,Mayotte,YT,MYT,32057.0
Majuro,7.0833,171.3833,Marshall Islands,MH,MHL,30000.0
Douglas,54.145,-4.482,Isle Of Man,IM,IMN,27938.0
George Town,19.2866,-81.3744,Cayman Islands,KY,CYM,27704.0
Victoria,-4.6167,55.45,Seychelles,SC,SYC,26450.0
Kingstown,13.1578,-61.225,Saint Vincent and the Grenadines,VC,VCT,25000.0
Andorra la Vella,42.5,1.5,Andorra,AD,AND,22615.0
Saint John's,17.1167,-61.85,Antigua and Barbuda,AG,ATG,22219.0
Nuku`alofa,-21.1333,-175.2,Tonga,TO,TON,23221.0
Nuuk,64.1814,-51.6942,Greenland,GL,GRL,18326.0
Belmopan,17.2514,-88.7669,Belize,BZ,BLZ,17222.0
Roseau,15.3014,-61.3883,Dominica,DM,DMA,16582.0
Basseterre,17.3,-62.7333,Saint Kitts and Nevis,KN,KNA,13220.0
Torshavn,62.0,-6.7833,Faroe Islands,FO,FRO,13326.0
Road Town,18.4167,-64.6167,British Virgin Islands,VG,VGB,12603.0
Pago Pago,-14.274,-170.7046,American Samoa,AS,ASM,12576.0
Grand Turk,21.4664,-71.136,Turks and Caicos Islands,TC,TCA,5801.0
Marigot,18.0706,-63.0847,Saint Martin,MF,MAF,5700.0
Palikir,6.9178,158.185,Federated States of Micronesia,FM,FSM,6227.0
Funafuti,-8.5167,179.2,Tuvalu,TV,TUV,6025.0
Vaduz,47.141,9.521,Liechtenstein,LI,LIE,5668.0
Lobamba,-26.4465,31.2064,Swaziland,SZ,SWZ,5800.0
Avarua,-21.207,-159.771,Cook Islands,CK,COK,5445.0
Saint George's,12.05,-61.75,Grenada,GD,GRD,4315.0
San Marino,43.9346,12.4473,San Marino,SM,SMR,4040.0
Tifariti,26.158,-10.567,Morocco,MA,MAR,3000.0
Philipsburg,18.0237,-63.0458,Sint Maarten,SX,SXM,1894.0
Capitol Hill,15.2137,145.7546,Northern Mariana Islands,MP,MNP,2500.0
Stanley,-51.7,-57.85,Falkland Islands (Islas Malvinas),FK,FLK,2213.0
Hamilton,32.2942,-64.7839,Bermuda,BM,BMU,854.0
Vatican City,41.904,12.453,Vatican City,VA,VAT,825.0
Alofi,-19.056,-169.921,Niue,NU,NIU,1611.0
Basse-Terre,16.0104,-61.7055,Guadeloupe,GP,GLP,307.0
Hagta,13.4745,144.7504,Guam,GU,GUM,1051.0
Jamestown,-15.9251,-5.7179,"Saint Helena, Ascension, and Tristan da Cunha",SH,SHN,714.0
Brades,16.7928,-62.2106,Montserrat,MS,MSR,391.0
Ngerulmud,7.5006,134.6242,Palau,PW,PLW,271.0
Domaa-Ahenkro,7.2833,-2.8833,Ghana,GH,GHA,1000000.0
Al Mijlad,11.0339,27.74,Sudan,SD,SDN,985000.0
Dnipro,48.4675,35.04,Ukraine,UA,UKR,980948.0
Gode,5.9527,43.5516,Ethiopia,ET,ETH,980782.0
Kirkuk,35.4667,44.3167,Iraq,IQ,IRQ,975000.0
Naples,40.8333,14.25,Italy,IT,ITA,966144.0
Malaga,36.7194,-4.42,Spain,ES,ESP,967250.0
Al Mansurah,31.05,31.3833,Egypt,EG,EGY,960423.0
Santo Domingo Este,18.4855,-69.8734,Dominican Republic,DO,DOM,948855.0
Baidoa,3.1167,43.65,Somalia,SO,SOM,950000.0
Gaalkacyo,6.7697,47.4308,Somalia,SO,SOM,950000.0
Seberang Jaya,5.4,100.4667,Malaysia,MY,MYS,946092.0
El Alto,-16.5047,-68.1633,Bolivia,BO,BOL,943000.0
Khartoum North,15.6333,32.6333,Sudan,SD,SDN,936349.0
Donetsk,48.0028,37.8053,Ukraine,UA,UKR,929063.0
Trujillo,-8.112,-79.0288,Peru,PE,PER,919899.0
Santiago de Cuba,20.0217,-75.8294,Cuba,CU,CUB,917340.0
Santiago del Estero,-27.7833,-64.2667,Argentina,AR,ARG,911506.0
Bobo-Dioulasso,11.1833,-4.2833,Burkina Faso,BF,BFA,903887.0
Ad Dammam,26.4333,50.1,Saudi Arabia,SA,SAU,903312.0
Klang,3.0333,101.45,Malaysia,MY,MYS,878000.0
As Sulaymaniyah,35.5572,45.4356,Iraq,IQ,IRQ,878146.0
Turin,45.0792,7.6761,Italy,IT,ITA,870952.0
Marseille,43.2964,5.37,France,FR,FRA,870731.0
Liverpool,53.4075,-2.9919,United Kingdom,GB,GBR,864122.0
Ipoh,4.5972,101.075,Malaysia,MY,MYS,866772.0
Oran,35.6969,-0.6331,Algeria,DZ,DZA,852000.0
Portsmouth,50.8058,-1.0872,United Kingdom,GB,GBR,855679.0
Cochabamba,-17.3833,-66.1667,Bolivia,BO,BOL,856198.0
Thessaloniki,40.6403,22.9347,Greece,GR,GRC,824676.0
Pointe-Noire,-4.8,11.85,Congo (Brazzaville),CG,COG,829134.0
Barinas,8.6333,-70.2,Venezuela,VE,VEN,816264.0
Androtsy,-24.1,46.3,Madagascar,MG,MDG,809313.0
Krakow,50.0614,19.9372,Poland,PL,POL,800653.0
Valencia,39.47,-0.3764,Spain,ES,ESP,792492.0
Homs,34.7333,36.7167,Syria,SY,SYR,775404.0
Lubango,-14.9167,13.5,Angola,AO,AGO,776249.0
Khujand,40.2833,69.6333,Tajikistan,TJ,TJK,770000.0
Hamhung,39.9167,127.5333,North Korea,KP,PRK,768551.0
Al `Ayn,24.2075,55.7447,United Arab Emirates,AE,ARE,766936.0
San Pedro Sula,15.5,-88.0333,Honduras,HN,HND,760182.0
Nampula,-15.1167,39.2667,Mozambique,MZ,MOZ,743000.0
Kyaukse,21.6131,96.1303,Myanmar,MM,MMR,741071.0
Cabinda,-5.56,12.19,Angola,AO,AGO,739182.0
Comodoro Rivadavia,-45.8647,-67.4808,Argentina,AR,ARG,730266.0
Concepcion,-36.8282,-73.0514,Chile,CL,CHL,719944.0
Mwanza,-2.5167,32.9,Tanzania,TZ,TZA,706453.0
Latakia,35.5167,35.7833,Syria,SY,SYR,700000.0
Nampo,38.7333,125.4,North Korea,KP,PRK,703317.0
Sha Tin,22.3802,114.1898,Hong Kong,HK,HKG,640000.0
Cocody,5.35,-3.9667,Côte d'Ivoire,CI,CIV,692583.0
Hamah,35.1333,36.75,Syria,SY,SYR,696863.0
Macau,22.2006,113.5461,Macau,MO,MAC,568700.0
Lodz,51.7769,19.4547,Poland,PL,POL,690422.0
Wroclaw,51.11,17.0325,Poland,PL,POL,672929.0
Palermo,38.1157,13.3613,Italy,IT,ITA,668405.0
Ch'ongjin,41.7833,129.7667,North Korea,KP,PRK,667929.0
Huambo,-12.7767,15.7347,Angola,AO,AGO,665564.0
Bouake,7.6833,-5.0167,Côte d'Ivoire,CI,CIV,659233.0
Abomey-Calavi,6.4486,2.3556,Benin,BJ,BEN,655965.0
Bulawayo,-20.17,28.58,Zimbabwe,ZW,ZWE,653337.0
Erer Sata,9.5667,41.3833,Ethiopia,ET,ETH,649000.0
Ta`izz,13.5789,44.0219,Yemen,YE,YEM,615467.0
Rotterdam,51.9167,4.5,Netherlands,NL,NLD,631155.0
Benghazi,32.1167,20.0667,Libya,LY,LBY,631555.0
Namangan,41.0011,71.6683,Uzbekistan,UZ,UZB,626120.0
Villa Nueva,14.5314,-90.5964,Guatemala,GT,GTM,618397.0
Kandahar,31.62,65.7158,Afghanistan,AF,AFG,614254.0
Gothenburg,57.7075,11.9675,Sweden,SE,SWE,607882.0
Ar Rayyan,25.25,51.4,Qatar,QA,QAT,605712.0
Haifa,32.8192,34.9992,Israel,IL,ISR,600000.0
Garoua,9.3,13.4,Cameroon,CM,CMR,600000.0
Mbale,1.0806,34.175,Uganda,UG,UGA,586300.0
Port Sudan,19.6167,37.2167,Sudan,SD,SDN,579942.0
Al Mafraq,32.3399,36.2052,Jordan,JO,JOR,580000.0
Puente Alto,-33.6167,-70.5667,Chile,CL,CHL,573935.0
Irbid,32.55,35.85,Jordan,JO,JOR,569068.0
Herat,34.3419,62.2031,Afghanistan,AF,AFG,556205.0
Chiclayo,-6.763,-79.8366,Peru,PE,PER,552508.0
Al Hudaydah,14.8022,42.9511,Yemen,YE,YEM,548433.0
Poznan,52.4083,16.9336,Poland,PL,POL,546859.0
Nansana,0.3639,32.5286,Uganda,UG,UGA,532800.0
Samarkand,39.6547,66.9758,Uzbekistan,UZ,UZB,546303.0
Tripoli,34.4367,35.8344,Lebanon,LB,LBN,530000.0
Lyon,45.76,4.84,France,FR,FRA,522969.0
Antwerp,51.2178,4.4003,Belgium,BE,BEL,529247.0
Touba,14.8667,-15.8833,Senegal,SN,SEN,529176.0
Ndola,-12.9667,28.6333,Zambia,ZM,ZMB,528330.0
Maipu,-33.5167,-70.7667,Chile,CL,CHL,521627.0
Mixco,14.6338,-90.6146,Guatemala,GT,GTM,517505.0
Carrefour,18.5344,-72.4094,Haiti,HT,HTI,511345.0
Homyel',52.4453,30.9842,Belarus,BY,BLR,510300.0
Aden,12.8,45.0333,Yemen,YE,YEM,507355.0
Kitwe,-12.8167,28.2,Zambia,ZM,ZMB,504194.0
Farah,32.3436,62.1194,Afghanistan,AF,AFG,500000.0
Qaraghandy,49.8028,73.1056,Kazakhstan,KZ,KAZ,497777.0
Toulouse,43.6045,1.444,France,FR,FRA,493465.0
`Ajman,25.4136,55.4456,United Arab Emirates,AE,ARE,490035.0
Az Zarqa',32.0833,36.1,Jordan,JO,JOR,481300.0
Mbeya,-8.9,33.45,Tanzania,TZ,TZA,467000.0
Mazar-e Sharif,36.7,67.1167,Afghanistan,AF,AFG,469247.0
Piraeus,37.943,23.6469,Greece,GR,GRC,448997.0
Kowloon City,22.3282,114.1916,Hong Kong,HK,HKG,418732.0
Sham Shui Po,22.3307,114.1622,Hong Kong,HK,HKG,405869.0
Constantine,36.365,6.6147,Algeria,DZ,DZA,448374.0
Andijon,40.7833,72.3333,Uzbekistan,UZ,UZB,441700.0
Zurich,47.3744,8.5411,Switzerland,CH,CHE,436332.0
Sunch'on,39.4167,125.9333,North Korea,KP,PRK,437000.0
Beira,-19.8333,34.85,Mozambique,MZ,MOZ,436240.0
Sidi Bouzid,35.0381,9.4858,Tunisia,TN,TUN,429912.0
Aves,41.44,-8.3,Portugal,PT,PRT,425411.0
Hpa-An,16.8906,97.6333,Myanmar,MM,MMR,421525.0
Arusha,-3.3667,36.6833,Tanzania,TZ,TZA,416442.0
Ajdabiya,30.7556,20.2253,Libya,LY,LBY,416000.0
Kisumu,-0.0833,34.7667,Kenya,KE,KEN,409928.0
Turkmenabat,39.0833,63.5667,Turkmenistan,TM,TKM,408906.0
Thies,14.7833,-16.9167,Senegal,SN,SEN,394544.0
Betsiboka,-16.95,46.83,Madagascar,MG,MDG,394561.0
Al Jahra',29.35,47.6833,Kuwait,KW,KWT,393432.0
Aqtobe,50.2836,57.2297,Kazakhstan,KZ,KAZ,387807.0
Plovdiv,42.15,24.75,Bulgaria,BG,BGR,383540.0
Olomouc,49.5939,17.2508,Czechia,CZ,CZE,384000.0
Christchurch,-43.531,172.6365,New Zealand,NZ,NZL,383200.0
Brno,49.1925,16.6083,Czechia,CZ,CZE,382405.0
Bawshar,23.5333,58.3833,Oman,OM,OMN,383257.0
Novi Sad,45.2542,19.8425,Serbia,RS,SRB,380000.0
Kaunas,54.8972,23.8861,Lithuania,LT,LTU,381007.0
Usulutan,13.35,-88.45,El Salvador,SV,SLV,378606.0
Sintra,38.7992,-9.3883,Portugal,PT,PRT,377835.0
Chitungwiza,-17.9939,31.0481,Zimbabwe,ZW,ZWE,371244.0
Mamou,10.3833,-12.0833,Guinea,GN,GIN,376269.0
Manukau City,-37.0,174.885,New Zealand,NZ,NZL,375600.0
La Florida,-33.5333,-70.5833,Chile,CL,CHL,366916.0
Bharatpur,27.6833,84.4333,Nepal,NP,NPL,369377.0
Vitsyebsk,55.1917,30.2056,Belarus,BY,BLR,366299.0
Utrecht,52.0833,5.1167,Netherlands,NL,NLD,359370.0
Petion-Ville,18.5128,-72.2864,Haiti,HT,HTI,359615.0
Pokhara,28.2083,83.9889,Nepal,NP,NPL,353841.0
Mahilyow,53.9167,30.35,Belarus,BY,BLR,357100.0
Hrodna,53.6667,23.8333,Belarus,BY,BLR,357493.0
Ibb,13.9667,44.1667,Yemen,YE,YEM,350864.0
Malmo,55.6058,13.0358,Sweden,SE,SWE,351749.0
Guediawaye,14.7833,-17.4,Senegal,SN,SEN,329659.0
Varna,43.2167,27.9167,Bulgaria,BG,BGR,348668.0
Holguin,20.8869,-76.2592,Cuba,CU,CUB,350191.0
Qo`qon,40.5286,70.9425,Uzbekistan,UZ,UZB,350000.0
Nice,43.7034,7.2663,France,FR,FRA,342669.0
Antonio Enes,-16.2333,39.9167,Mozambique,MZ,MOZ,347175.0
Serekunda,13.4333,-16.6667,The Gambia,GM,GMB,340000.0
Sumqayit,40.5917,49.6397,Azerbaijan,AZ,AZE,341200.0
Jitpur,27.6666,85.3333,Nepal,NP,NPL,337785.0
Nazret,8.5414,39.2689,Ethiopia,ET,ETH,324000.0
Cuenca,-2.8974,-79.0045,Ecuador,EC,ECU,329928.0
Tampere,61.4981,23.76,Finland,FI,FIN,334112.0
Blida,36.4722,2.8333,Algeria,DZ,DZA,331779.0
Ganca,40.6828,46.3606,Azerbaijan,AZ,AZE,331400.0
Nakuru,-0.3,36.0667,Kenya,KE,KEN,307990.0
Debrecen,47.53,21.6392,Hungary,HU,HUN,328642.0
Cluj-Napoca,46.7667,23.5833,Romania,RO,ROU,324576.0
Gonder,12.6075,37.4592,Ethiopia,ET,ETH,323900.0
Gonaives,19.4456,-72.6883,Haiti,HT,HTI,324043.0
Ciudad del Este,-25.5167,-54.6167,Paraguay,PY,PRY,320782.0
Osh,40.5333,72.7833,Kyrgyzstan,KG,KGZ,322164.0
Camaguey,21.3839,-77.9075,Cuba,CU,CUB,321992.0
San Miguelito,9.033,-79.5,Panama,PA,PAN,315019.0
Timisoara,45.7597,21.23,Romania,RO,ROU,319279.0
Puerto Plata,19.8,-70.6833,Dominican Republic,DO,DOM,318419.0
Boaco,12.4719,-85.6594,Nicaragua,NI,NIC,317000.0
Bor,6.2125,31.5608,South Sudan,SS,SSD,315351.0
La Victoria,18.55,-69.9,Dominican Republic,DO,DOM,312345.0
Vila Nova de Gaia,41.1333,-8.6167,Portugal,PT,PRT,302295.0
Curepipe,-20.3188,57.5263,Mauritius,MU,MUS,299975.0
Coatepeque,14.7,-91.8667,Guatemala,GT,GTM,300000.0
Espoo,60.2056,24.6556,Finland,FI,FIN,297132.0
Finglas,53.4597,-6.2181,Ireland,IE,IRL,296214.0
Delmas,18.55,-72.3,Haiti,HT,HTI,284079.0
Batna,35.55,6.1667,Algeria,DZ,DZA,290645.0
Iasi,47.1622,27.5889,Romania,RO,ROU,290422.0
San Lorenzo,-25.34,-57.52,Paraguay,PY,PRY,287977.0
Graz,47.0708,15.4386,Austria,AT,AUT,289440.0
Brasov,45.6667,25.6167,Romania,RO,ROU,290743.0
Ar Rusayfah,32.0178,36.0464,Jordan,JO,JOR,280000.0
Ostrava,49.8356,18.2925,Czechia,CZ,CZE,284982.0
Aarhus,56.1572,10.2107,Denmark,DK,DNK,285273.0
San Juan Sacatepequez,14.7189,-90.6442,Guatemala,GT,GTM,284798.0
Ihosy,-22.4036,46.1258,Madagascar,MG,MDG,283047.0
Santa Ana,13.995,-89.5561,El Salvador,SV,SLV,280000.0
Maastricht,50.85,5.6833,Netherlands,NL,NLD,277721.0
Ciego de Avila,21.8481,-78.7631,Cuba,CU,CUB,278672.0
Sfax,34.74,10.76,Tunisia,TN,TUN,272801.0
Szekesfehervar,47.1956,18.4089,Hungary,HU,HUN,272474.0
Santo Domingo de los Colorados,-0.2542,-79.1719,Ecuador,EC,ECU,270875.0
Maradi,13.4833,7.1,Niger,NE,NER,267249.0
Bimo,4.2558,18.4042,Central African Republic,CF,CAF,267859.0
Bergen,60.3894,5.33,Norway,NO,NOR,267117.0
Xiangkhoang,19.4167,103.5,Laos,LA,LAO,267172.0
Gent,51.0536,3.7253,Belgium,BE,BEL,265086.0
Luque,-25.27,-57.4872,Paraguay,PY,PRY,263604.0
Tchibota,-4.1794,11.3731,Congo (Brazzaville),CG,COG,262931.0
Nonthaburi,13.8667,100.5167,Thailand,TH,THA,255671.0
Aguadilla,18.4382,-67.1537,Puerto Rico,PR,PRI,260331.0
Misratah,32.3775,15.092,Libya,LY,LBY,259056.0
Mount Lavinia,6.8731,79.8758,Sri Lanka,LK,LKA,245974.0
Antsirabe,-19.8667,47.0333,Madagascar,MG,MDG,257163.0
Arua,3.0353,30.9108,Uganda,UG,UGA,250000.0
Pointe-a-Pitre,16.2411,-61.5331,Guadeloupe,GP,GLP,250952.0
Godome,6.3667,2.35,Benin,BJ,BEN,253262.0
Rishon LeZiyyon,31.95,34.8,Israel,IL,ISR,249860.0
Turku,60.45,22.2667,Finland,FI,FIN,252468.0
Bata,1.865,9.77,Equatorial Guinea,GQ,GNQ,250770.0
Al Bayda',32.7664,21.7417,Libya,LY,LBY,250000.0
Banikoara,11.3,2.4333,Benin,BJ,BEN,248621.0
Kesbewa,6.7953,79.9386,Sri Lanka,LK,LKA,243842.0
Gyor,47.6842,17.6344,Hungary,HU,HUN,246159.0
Biratnagar,26.4542,87.2797,Nepal,NP,NPL,242548.0
Petah Tiqwa,32.0889,34.8864,Israel,IL,ISR,236169.0
Stavanger,58.97,5.7314,Norway,NO,NOR,237369.0
Limassol,34.6747,33.0442,Cyprus,CY,CYP,235056.0
Szeged,46.255,20.145,Hungary,HU,HUN,239025.0
Kosice,48.7167,21.25,Slovakia,SK,SVK,238593.0
Zinder,13.8053,8.9883,Niger,NE,NER,235605.0
As Sib,23.6703,58.1891,Oman,OM,OMN,237816.0
Sandnes,58.8517,5.7361,Norway,NO,NOR,237369.0
Machala,-3.2667,-79.9667,Ecuador,EC,ECU,231260.0
Bo,7.9564,-11.74,Sierra Leone,SL,SLE,233684.0
Mambere,5.5,15.5,Central African Republic,CF,CAF,233666.0
Choloma,15.6136,-87.9511,Honduras,HN,HND,227535.0
Capiata,-25.35,-57.42,Paraguay,PY,PRY,224152.0
Dasoguz,41.8333,59.9667,Turkmenistan,TM,TKM,227184.0
Sousse,35.8333,10.6333,Tunisia,TN,TUN,221530.0
Nyanza,-2.35,29.7333,Rwanda,RW,RWA,225209.0
Mutare,-18.9667,32.6333,Zimbabwe,ZW,ZWE,224802.0
Cork,51.8972,-8.47,Ireland,IE,IRL,222333.0
Gueckedou,8.5667,-10.1333,Guinea,GN,GIN,221715.0
Konibodom,40.2833,70.4167,Tajikistan,TJ,TJK,219000.0
Kafue,-15.7667,28.1833,Zambia,ZM,ZMB,219000.0
San Miguel,13.4814,-88.1775,El Salvador,SV,SLV,218410.0
Matrah,23.6167,58.5667,Oman,OM,OMN,214901.0
Hebron,31.5333,35.095,West Bank,XW,XWB,215452.0
Vantaa,60.2944,25.0403,Finland,FI,FIN,214605.0
Geneva,46.2017,6.1469,Switzerland,CH,CHE,201818.0
Sikasso,11.3167,-5.6667,Mali,ML,MLI,213977.0
Irakleio,35.3403,25.1344,Greece,GR,GRC,211370.0
Colon,9.3572,-79.8986,Panama,PA,PAN,204000.0
Linz,48.3058,14.2864,Austria,AT,AUT,210165.0
Burgas,42.503,27.4702,Bulgaria,BG,BGR,210813.0
Sidon,33.5606,35.3758,Lebanon,LB,LBN,200000.0
Borj Hammoud,33.8936,35.5403,Lebanon,LB,LBN,150000.0
Kasangati,0.4378,32.6025,Uganda,UG,UGA,207800.0
Moratuwa,6.7991,79.8767,Sri Lanka,LK,LKA,200000.0
Mary,37.6,61.8333,Turkmenistan,TM,TKM,208682.0
Northcote,-36.8019,174.7494,New Zealand,NZ,NZL,205605.0
La Ceiba,15.7792,-86.7931,Honduras,HN,HND,205775.0
Charleroi,50.4,4.4333,Belgium,BE,BEL,201816.0
Mazabuka,-15.8467,27.7475,Zambia,ZM,ZMB,203219.0
Al Khawr,25.69,51.51,Qatar,QA,QAT,202031.0
Nema,16.6167,-7.25,Mauritania,MR,MRT,200000.0
Santa Tecla,13.6731,-89.2406,El Salvador,SV,SLV,199103.0
Liege,50.6397,5.5706,Belgium,BE,BEL,196623.0
Banja Luka,44.7725,17.1925,Bosnia and Herzegovina,BA,BIH,199191.0
Kankan,10.3833,-9.3,Guinea,GN,GIN,198013.0
N'Zerekore,7.75,-8.8167,Guinea,GN,GIN,195027.0
Kenema,7.8758,-11.1908,Sierra Leone,SL,SLE,188463.0
Brikama,13.2667,-16.65,The Gambia,GM,GMB,195136.0
Kajo Kaji,3.8492,31.6578,South Sudan,SS,SSD,196000.0
Trondheim,63.4297,10.3933,Norway,NO,NOR,194860.0
Rijeka,45.3272,14.4411,Croatia,HR,HRV,191293.0
Lae,-6.7303,147.0008,Papua New Guinea,PG,PNG,193000.0
Pak Kret,13.9125,100.4978,Thailand,TH,THA,184501.0
Kairouan,35.6772,10.1008,Tunisia,TN,TUN,186653.0
Basel,47.5547,7.5906,Switzerland,CH,CHE,177827.0
Yei,4.0904,30.68,South Sudan,SS,SSD,185000.0
Nis,43.3192,21.8961,Serbia,RS,SRB,183164.0
Odense,55.3958,10.3886,Denmark,DK,DNK,180863.0
Split,43.51,16.44,Croatia,HR,HRV,178102.0
Salalah,17.0197,54.0897,Oman,OM,OMN,178469.0
Plzen,49.7475,13.3775,Czechia,CZ,CZE,175219.0
Tyre,33.2708,35.1961,Lebanon,LB,LBN,160000.0
Leon,12.4344,-86.8775,Nicaragua,NI,NIC,174051.0
Batumi,41.6458,41.6417,Georgia,GE,GEO,169095.0
Uppsala,59.8581,17.6447,Sweden,SE,SWE,166698.0
Portmore,17.95,-76.8799,Jamaica,JM,JAM,170000.0
Magwe,4.1333,32.3,South Sudan,SS,SSD,169826.0
Bayamon,18.3794,-66.1635,Puerto Rico,PR,PRI,170028.0
Patra,38.25,21.7333,Greece,GR,GRC,167446.0
Klaipeda,55.75,21.1667,Lithuania,LT,LTU,164310.0
Abu Hulayfah,29.1322,48.1261,Kuwait,KW,KWT,164212.0
San Marcos,10.6204,-84.512,Costa Rica,CR,CRI,163745.0
Zemun,44.85,20.4,Serbia,RS,SRB,161596.0
Ash Shihaniyah,25.3722,51.2047,Qatar,QA,QAT,161240.0
Koudougou,12.25,-2.3667,Burkina Faso,BF,BFA,160207.0
Hat Yai,7.0167,100.4667,Thailand,TH,THA,159130.0
Rafah,31.2886,34.2519,Gaza Strip,XG,XGZ,152950.0
Nablus,32.2222,35.2611,West Bank,XW,XWB,156906.0
Salzburg,47.8,13.045,Austria,AT,AUT,155021.0
Siem Reap,13.3622,103.8597,Cambodia,KH,KHM,147866.0
Mzuzu,-11.4581,34.0151,Malawi,MW,MWI,150100.0
Kragujevac,44.0142,20.9394,Serbia,RS,SRB,150623.0
Kutaisi,42.25,42.7,Georgia,GE,GEO,147900.0
Keren,15.7778,38.4581,Eritrea,ER,ERI,146500.0
Aalborg,57.05,9.9167,Denmark,DK,DNK,143598.0
David,8.4333,-82.4333,Panama,PA,PAN,144858.0
Khan Yunis,31.3444,34.3031,Gaza Strip,XG,XGZ,142637.0
Gisenyi,-1.7,29.25,Rwanda,RW,RWA,136830.0
Ruse,43.8231,25.9539,Bulgaria,BG,BGR,143931.0
Moundou,8.5667,16.0833,Chad,TD,TCD,142462.0
Tetovo,42.0103,20.9714,Macedonia,MK,MKD,142030.0
Lausanne,46.5198,6.6335,Switzerland,CH,CHE,139111.0
Gweru,-19.4614,29.8022,Zimbabwe,ZW,ZWE,141260.0
Vlore,40.4667,19.4833,Albania,AL,ALB,130827.0
Masaya,11.9764,-86.0875,Nicaragua,NI,NIC,139582.0
Norrkoping,58.6,16.2,Sweden,SE,SWE,137326.0
Carolina,18.4054,-65.9792,Puerto Rico,PR,PRI,139735.0
Port-Gentil,-0.7167,8.7833,Gabon,GA,GAB,136462.0
Tiraspol,46.8403,29.6433,Moldova,MD,MDA,133807.0
Agcabadi,40.0528,47.4614,Azerbaijan,AZ,AZE,136000.0
May Pen,17.965,-77.245,Jamaica,JM,JAM,135142.0
Moron,49.6356,100.1556,Mongolia,MN,MNG,134530.0
Segou,13.45,-6.2667,Mali,ML,MLI,133501.0
Innsbruck,47.2683,11.3933,Austria,AT,AUT,132493.0
Matagalpa,12.9286,-85.9178,Nicaragua,NI,NIC,133416.0
Kamez,41.3833,19.7667,Albania,AL,ALB,126777.0
Spanish Town,17.9959,-76.9551,Jamaica,JM,JAM,131056.0
Rustavi,41.5472,45.0111,Georgia,GE,GEO,128680.0
Battambang,13.1,103.2,Cambodia,KH,KHM,130000.0
Koidu,8.6439,-10.9717,Sierra Leone,SL,SLE,124662.0
Salto,-31.3833,-57.95,Uruguay,UY,URY,124878.0
Panevezys,55.7333,24.35,Lithuania,LT,LTU,124412.0
Kampong Cham,11.987,105.462,Cambodia,KH,KHM,118242.0
Pakxe,15.1167,105.7833,Laos,LA,LAO,119848.0
Ouahigouya,13.5833,-2.4167,Burkina Faso,BF,BFA,124580.0
Savannakhet,16.55,104.75,Laos,LA,LAO,124000.0
Ponce,18.0127,-66.6212,Puerto Rico,PR,PRI,124719.0
Gyumri,40.7894,43.8475,Armenia,AM,ARM,121976.0
Bimbo,4.3313,18.5163,Central African Republic,CF,CAF,124176.0
Kaya,13.0833,-1.0833,Burkina Faso,BF,BFA,122949.0
Maina,13.4692,144.7332,Guam,GU,GUM,122411.0
Fier,40.725,19.5572,Albania,AL,ALB,120655.0
Nouadhibou,20.9333,-17.0333,Mauritania,MR,MRT,118000.0
Petrzalka,48.1333,17.1167,Slovakia,SK,SVK,114000.0
Tahoua,14.8903,5.2642,Niger,NE,NER,117826.0
Agadez,16.9959,7.9828,Niger,NE,NER,117770.0
Durres,41.3111,19.4392,Albania,AL,ALB,113249.0
Bijeljina,44.75,19.2167,Bosnia and Herzegovina,BA,BIH,114663.0
Ciudad de la Costa,-34.8167,-55.95,Uruguay,UY,URY,112449.0
Arafat,18.0464,-15.9719,Mauritania,MR,MRT,102169.0
Mostar,43.3436,17.8075,Bosnia and Herzegovina,BA,BIH,113169.0
Mopti,14.49,-4.18,Mali,ML,MLI,108456.0
Sokode,8.9833,1.1333,Togo,TG,TGO,113000.0
Manzini,-26.4833,31.3667,Swaziland,SZ,SWZ,110508.0
Tuzla,44.5381,18.6761,Bosnia and Herzegovina,BA,BIH,110979.0
Kiffa,16.63,-11.4,Mauritania,MR,MRT,110714.0
Franceville,-1.6333,13.5833,Gabon,GA,GAB,110568.0
Montego Bay,18.4667,-77.9167,Jamaica,JM,JAM,110115.0
Zilina,49.2228,18.74,Slovakia,SK,SVK,108000.0
Ferizaj,42.3667,21.1667,Kosovo,XK,XKS,108610.0
Siauliai,55.9333,23.3167,Lithuania,LT,LTU,107086.0
Sarh,9.15,18.3833,Chad,TD,TCD,108061.0
Erdenet,49.0278,104.0444,Mongolia,MN,MNG,106810.0
Kulob,37.9092,69.7819,Tajikistan,TJ,TJK,106300.0
Mingacevir,40.77,47.0489,Azerbaijan,AZ,AZE,106100.0
Balti,47.7667,27.9167,Moldova,MD,MDA,102457.0
Francistown,-21.1736,27.5125,Botswana,BW,BWA,103417.0
Maldonado,-34.9,-54.95,Uruguay,UY,URY,104032.0
Dolisie,-4.2,12.6667,Congo (Brazzaville),CG,COG,103894.0
Zomba,-15.3833,35.3333,Malawi,MW,MWI,101140.0
Chaguanas,10.5167,-61.4,Trinidad and Tobago,TT,TTO,101297.0
Paoy Paet,13.65,102.5667,Cambodia,KH,KHM,98934.0
New Kru Town,6.3733,-10.7928,Liberia,LR,LBR,84399.0
Kpalime,6.9,0.6333,Togo,TG,TGO,100479.0
Maribor,46.5575,15.6456,Slovenia,SI,SVN,97019.0
Gjakove,42.3833,20.4333,Kosovo,XK,XKS,94556.0
Prizren,42.2128,20.7392,Kosovo,XK,XKS,94517.0
Vanadzor,40.8128,44.4883,Armenia,AM,ARM,90525.0
Tartu,58.3833,26.7167,Estonia,EE,EST,91407.0
Makeni,8.8817,-12.0442,Sierra Leone,SL,SLE,87679.0
Bender,46.8333,29.4833,Moldova,MD,MDA,91882.0
Jabalya,31.5281,34.4831,Gaza Strip,XG,XGZ,82877.0
Jalal-Abad,40.9333,73.0,Kyrgyzstan,KG,KGZ,89004.0
Presov,49.0017,21.2394,Slovakia,SK,SVK,88680.0
Balkanabat,39.5167,54.3667,Turkmenistan,TM,TKM,89785.0
Al Wakrah,25.18,51.61,Qatar,QA,QAT,87970.0
Podujeve,42.9167,21.2,Kosovo,XK,XKS,88499.0
Larnaca,34.9167,33.6333,Cyprus,CY,CYP,84900.0
San Fernando,10.2833,-61.4667,Trinidad and Tobago,TT,TTO,82997.0
Karakol,42.4903,78.3917,Kyrgyzstan,KG,KGZ,85588.0
Atakpame,7.5269,1.1267,Togo,TG,TGO,84979.0
Osijek,45.5556,18.6944,Croatia,HR,HRV,84104.0
Tallaght,53.2886,-6.3572,Ireland,IE,IRL,80339.0
Owendo,0.2833,9.5,Gabon,GA,GAB,79300.0
Daugavpils,55.875,26.5356,Latvia,LV,LVA,80627.0
Galway,53.2719,-9.0489,Ireland,IE,IRL,79504.0
Paysandu,-32.3214,-58.0756,Uruguay,UY,URY,76429.0
Quatre Bornes,-20.2654,57.4791,Mauritius,MU,MUS,77308.0
Ungoofaaru,5.6681,73.0306,Maldives,MV,MDV,2501.0
Bokhtar,37.8364,68.7803,Tajikistan,TJ,TJK,75450.0
Al Muharraq,26.25,50.6167,Bahrain,BH,BHR,75000.0
Berberati,4.2614,15.7894,Central African Republic,CF,CAF,76918.0
Abeche,13.8331,20.8347,Chad,TD,TCD,76492.0
Zadar,44.1194,15.2319,Croatia,HR,HRV,75082.0
Arta,11.5236,42.8472,Djibouti,DJ,DJI,75654.0
Darhan,49.4689,105.9575,Mongolia,MN,MNG,74738.0
Teyateyaneng,-29.1511,27.7425,Lesotho,LS,LSO,75115.0
Bitola,41.0319,21.3347,Macedonia,MK,MKD,74550.0
Assab,13.0167,42.7333,Eritrea,ER,ERI,74405.0
Salima,-13.7833,34.4333,Malawi,MW,MWI,71181.0
Thakhek,17.4,104.8,Laos,LA,LAO,70000.0
La Chorrera,8.8792,-79.7822,Panama,PA,PAN,68896.0
Kumanovo,42.1322,21.7144,Macedonia,MK,MKD,70842.0
Mindelo,16.886,-24.988,Cabo Verde,CV,CPV,70468.0
Liepaja,56.5117,21.0139,Latvia,LV,LVA,67964.0
Arima,10.6333,-61.2833,Trinidad and Tobago,TT,TTO,65623.0
Bayt Lahya,31.5539,34.5014,Gaza Strip,XG,XGZ,59540.0
Molepolole,-24.4067,25.495,Botswana,BW,BWA,67598.0
Prilep,41.3464,21.5542,Macedonia,MK,MKD,66246.0
Goz-Beida,12.2236,21.4144,Chad,TD,TCD,66107.0
Paphos,34.7667,32.4167,Cyprus,CY,CYP,63600.0
Popondetta,-8.7656,148.2347,Papua New Guinea,PG,PNG,65000.0
Sokhumi,43.0,41.0167,Georgia,GE,GEO,64441.0
Madang,-5.2167,145.8,Papua New Guinea,PG,PNG,62023.0
Ruhengeri,-1.5,29.6333,Rwanda,RW,RWA,59333.0
Puerto Limon,10.0022,-83.084,Costa Rica,CR,CRI,60710.0
Jidd Hafs,26.219,50.538,Bahrain,BH,BHR,44769.0
Oyem,1.6,11.5667,Gabon,GA,GAB,60685.0
Vejle,55.7167,9.5333,Denmark,DK,DNK,60231.0
Nausori,-18.0244,178.5454,Fiji,FJ,FJI,57882.0
Dapaong,10.8667,0.2,Togo,TG,TGO,58071.0
Mafeteng,-29.8167,27.25,Lesotho,LS,LSO,57059.0
Belize City,17.4986,-88.1886,Belize,BZ,BLZ,57169.0
Maun,-19.9833,23.4167,Botswana,BW,BWA,57067.0
Niksic,42.7778,18.95,Montenegro,ME,MNE,56970.0
Mendi,-6.1478,143.6572,Papua New Guinea,PG,PNG,56055.0
Jelgava,56.6483,23.7139,Latvia,LV,LVA,55336.0
Madinat Hamad,26.1128,50.5139,Bahrain,BH,BHR,52700.0
Lautoka,-17.6242,177.4528,Fiji,FJ,FJI,52220.0
Alajuela,10.164,-84.2645,Costa Rica,CR,CRI,48326.0
Qalqilyah,32.1903,34.9686,West Bank,XW,XWB,51683.0
Liberia,10.6333,-85.4333,Costa Rica,CR,CRI,53382.0
Hrazdan,40.5,44.7667,Armenia,AM,ARM,52808.0
Jurmala,56.9681,23.7703,Latvia,LV,LVA,50561.0
Abovyan,40.2739,44.6256,Armenia,AM,ARM,44400.0
Selibe Phikwe,-21.9758,27.84,Botswana,BW,BWA,49724.0
Couva,10.4167,-61.45,Trinidad and Tobago,TT,TTO,48858.0
Bakau,13.4833,-16.6833,The Gambia,GM,GMB,43098.0
Madinat `Isa,26.1736,50.5478,Bahrain,BH,BHR,40000.0
Leribe,-28.8734,28.0416,Lesotho,LS,LSO,47675.0
New Amsterdam,6.25,-57.5167,Guyana,GY,GUY,46874.0
Farim,12.4833,-15.2167,Guinea-Bissau,GW,GNB,46268.0
Gbarnga,6.998,-9.473,Liberia,LR,LBR,45835.0
Sukuta,13.4167,-16.7,The Gambia,GM,GMB,40675.0
Quinhamel,11.8833,-15.85,Guinea-Bissau,GW,GNB,42659.0
Ngozi,-2.9083,29.8269,Burundi,BI,BDI,39884.0
Famagusta,35.125,33.9417,Cyprus,CY,CYP,40920.0
Parnu,58.3833,24.5,Estonia,EE,EST,39605.0
Impfondo,1.6333,18.0667,Congo (Brazzaville),CG,COG,40654.0
Talas,42.5167,72.2333,Kyrgyzstan,KG,KGZ,40308.0
Massawa,15.6097,39.45,Eritrea,ER,ERI,39758.0
Celje,46.2358,15.2675,Slovenia,SI,SVN,37872.0
Esch-sur-Alzette,49.4969,5.9806,Luxembourg,LU,LUX,36228.0
Choybalsan,48.0783,114.535,Mongolia,MN,MNG,38150.0
Kranj,46.2333,14.3667,Slovenia,SI,SVN,37941.0
Ali Sabieh,11.15,42.7167,Djibouti,DJ,DJI,37939.0
Gabu,12.2833,-14.2167,Guinea-Bissau,GW,GNB,37525.0
Rumonge,-3.9667,29.4333,Burundi,BI,BDI,35931.0
Ebebiyin,2.15,11.3167,Equatorial Guinea,GQ,GNQ,36565.0
Buchanan,5.8808,-10.0467,Liberia,LR,LBR,34270.0
Byumba,-1.5761,30.0675,Rwanda,RW,RWA,34544.0
Dikhil,11.1167,42.3667,Djibouti,DJ,DJI,35000.0
Sliema,35.9122,14.5042,Malta,MT,MLT,16854.0
Kakata,6.53,-10.3517,Liberia,LR,LBR,33945.0
Birkirkara,35.8967,14.4625,Malta,MT,MLT,24356.0
Ungheni,47.2167,27.8167,Moldova,MD,MDA,30804.0
Mutsamudu,-12.1675,44.3939,Comoros,KM,COM,30000.0
Linden,6.0,-58.3,Guyana,GY,GUY,29298.0
Betio,1.35,172.9333,Kiribati,KI,KIR,17356.0
Mendefera,14.8833,38.8167,Eritrea,ER,ERI,28492.0
Koper,45.55,13.7333,Slovenia,SI,SVN,25753.0
Catio,11.2833,-15.25,Guinea-Bissau,GW,GNB,26999.0
Mohale's Hoek,-30.15,27.4667,Lesotho,LS,LSO,24992.0
Cibitoke,-2.8886,29.12,Burundi,BI,BDI,23885.0
Nakasi,-18.0667,178.5167,Fiji,FJ,FJI,18919.0
Tanki Leendert,12.5418,-70.022,Aruba,AW,ABW,21495.0
Mosta,35.9097,14.4261,Malta,MT,MLT,20241.0
Lami,-18.1167,178.4167,Fiji,FJ,FJI,20529.0
Saint Paul's Bay,35.9483,14.4017,Malta,MT,MLT,21046.0
Sao Filipe,14.895,-24.498,Cabo Verde,CV,CPV,22227.0
Obock,11.9667,43.2833,Djibouti,DJ,DJI,21200.0
Luganville,-15.5333,167.1667,Vanuatu,VU,VUT,18062.0
Ulcinj,41.92,19.2,Montenegro,ME,MNE,19921.0
Mahibadhoo,3.7575,72.9686,Maldives,MV,MDV,3000.0
Fomboni,-12.28,43.7425,Comoros,KM,COM,18277.0
Herceg Novi,42.453,18.5312,Montenegro,ME,MNE,19536.0
Budva,42.2881,18.8425,Montenegro,ME,MNE,19218.0
Kulhudhuffushi,6.6225,73.0703,Maldives,MV,MDV,15875.0
Ribeira Grande,17.183,-25.065,Cabo Verde,CV,CPV,18890.0
Lelydorp,5.6967,-55.2167,Suriname,SR,SUR,18663.0
Tarrafal,15.278,-23.752,Cabo Verde,CV,CPV,18561.0
Le Hochet,-20.135,57.5211,Mauritius,MU,MUS,15034.0
Viljandi,58.3667,25.6,Estonia,EE,EST,16875.0
Orange Walk,18.075,-88.5583,Belize,BZ,BLZ,18000.0
San Ignacio,17.1588,-89.0696,Belize,BZ,BLZ,16977.0
Rakvere,59.35,26.35,Estonia,EE,EST,14984.0
Maliana,-8.9917,125.2197,Timor-Leste,TL,TLS,15800.0
Bartica,6.4,-58.6167,Guyana,GY,GUY,8532.0
Foammulah,-0.2932,73.4236,Maldives,MV,MDV,13037.0
Paro,27.4333,89.4167,Bhutan,BT,BTN,15000.0
Escaldes-Engordany,42.5089,1.5408,Andorra,AD,AND,14521.0
Baucau,-8.4667,126.45,Timor-Leste,TL,TLS,14961.0
Nieuw Nickerie,5.9333,-56.9833,Suriname,SR,SUR,12818.0
Encamp,42.5361,1.5828,Andorra,AD,AND,12338.0
Serravalle,43.9694,12.4784,San Marino,SM,SMR,10878.0
Kralendijk,12.1444,-68.2656,"Bonaire, Sint Eustatius, and Saba",BQ,BES,10620.0
Santana,0.2583,6.7417,Sao Tome and Principe,ST,STP,10290.0
La Massana,42.5444,1.5144,Andorra,AD,AND,10076.0
Neves,0.3592,6.5517,Sao Tome and Principe,ST,STP,10068.0
Auki,-8.7667,160.7,Solomon Islands,SB,SLB,7882.0
Samdrup Jongkhar,26.8,91.505,Bhutan,BT,BTN,9325.0
Kolonia,6.9639,158.2081,Federated States of Micronesia,FM,FSM,6074.0
Gizo,-8.1056,156.8389,Solomon Islands,SB,SLB,6154.0
Sant Julia de Loria,42.465,1.4911,Andorra,AD,AND,9156.0
Wangdue Phodrang,27.4833,89.9,Bhutan,BT,BTN,8954.0
Evinayong,1.45,10.5667,Equatorial Guinea,GQ,GNQ,9155.0
Dangriga,16.9667,-88.2167,Belize,BZ,BLZ,9096.0
Manatuto,-8.5167,126.0167,Timor-Leste,TL,TLS,9022.0
Gleno,-8.7239,125.4361,Timor-Leste,TL,TLS,8133.0
Brokopondo,5.0667,-54.9667,Suriname,SR,SUR,8340.0
Kone,-21.059,164.8518,New Caledonia,NC,NCL,8144.0
Guadalupe,0.38,6.6381,Sao Tome and Principe,ST,STP,7604.0
Luba,3.45,8.55,Equatorial Guinea,GQ,GNQ,7739.0
Borgo Maggiore,43.945,12.4497,San Marino,SM,SMR,6871.0
Diekirch,49.8681,6.1567,Luxembourg,LU,LUX,7047.0
Trindade,0.3,6.6833,Sao Tome and Principe,ST,STP,6636.0
Siteki,-26.45,31.95,Swaziland,SZ,SWZ,6381.0
Punakha,27.5833,89.8583,Bhutan,BT,BTN,6262.0
Schaan,47.1667,9.5097,Liechtenstein,LI,LIE,5998.0
Echternach,49.8117,6.4217,Luxembourg,LU,LUX,5705.0
Sisimiut,66.9389,-53.6722,Greenland,GL,GRL,5582.0
Wiltz,49.9667,5.9333,Luxembourg,LU,LUX,5427.0
Nieuw Amsterdam,5.8833,-55.0833,Suriname,SR,SUR,5650.0
Triesen,47.1,9.5333,Liechtenstein,LI,LIE,5230.0
Kirakira,-10.45,161.9167,Solomon Islands,SB,SLB,3500.0
Ilulissat,69.2167,-51.1,Greenland,GL,GRL,4737.0
Mauren,47.2167,9.5333,Liechtenstein,LI,LIE,4404.0
Eschen,47.2167,9.5167,Liechtenstein,LI,LIE,4459.0
Klaksvik,62.2375,-6.539,Faroe Islands,FO,FRO,4664.0
Kuala Belait,4.5828,114.1918,Brunei,BN,BRN,4259.0
Domagnano,43.95,12.4667,San Marino,SM,SMR,3565.0
Colonia,9.5167,138.1333,Federated States of Micronesia,FM,FSM,3126.0
Buala,-8.1333,159.5833,Solomon Islands,SB,SLB,2813.0
Qaqortoq,60.7222,-46.0403,Greenland,GL,GRL,3093.0
Aasiaat,68.7097,-52.8694,Greenland,GL,GRL,3069.0
Lethem,3.3833,-59.8,Guyana,GY,GUY,3000.0
Fiorentino,43.9106,12.4556,San Marino,SM,SMR,2548.0
Tofol,5.3258,163.0086,Federated States of Micronesia,FM,FSM,2591.0
Afega,-13.8019,-171.8217,Samoa,WS,WSM,1998.0
Isangel,-19.53,169.28,Vanuatu,VU,VUT,1200.0
Leulumoega,-13.8167,-171.9167,Samoa,WS,WSM,1184.0
Safotu,-13.4528,-172.4036,Samoa,WS,WSM,1270.0
Oranjestad,17.4833,-62.9833,"Bonaire, Sint Eustatius, and Saba",BQ,BES,1038.0
Asau,-13.5194,-172.6372,Samoa,WS,WSM,1133.0
Lakatoro,-16.1069,167.4208,Vanuatu,VU,VUT,705.0
Hvalba,61.6,-6.9556,Faroe Islands,FO,FRO,713.0
Bangar,4.7086,115.0739,Brunei,BN,BRN,626.0
The Bottom,17.6261,-63.2492,"Bonaire, Sint Eustatius, and Saba",BQ,BES,462.0
Skopun,61.9125,-6.8719,Faroe Islands,FO,FRO,446.0
Hvannasund,62.2833,-6.5167,Faroe Islands,FO,FRO,414.0
Al Ahmadi,29.0769,48.0838,Kuwait,KW,KWT,68763.0
Yattir,31.4478,35.09,West Bank,XW,XWB,64277.0
Tulkarm,32.3117,35.0272,West Bank,XW,XWB,61941.0
Ar Riqqah,29.1489,48.1057,Kuwait,KW,KWT,56554.0
Freeport City,26.5286,-78.6967,The Bahamas,BS,BHS,45945.0
Dumbea,-22.15,166.45,New Caledonia,NC,NCL,35873.0
Saint-Benoit,-21.0339,55.7128,Reunion,RE,REU,35310.0
Kopavogur,64.1108,-21.9094,Iceland,IS,ISL,34140.0
Hafnarfjordhur,64.02,-21.97,Iceland,IS,ISL,29974.0
Mont-Dore,-22.2157,166.4665,New Caledonia,NC,NCL,27620.0
Calliaqua,13.1308,-61.1928,Saint Vincent and the Grenadines,VC,VCT,24205.0
Saint-Laurent-du-Maroni,5.4976,-54.0325,French Guiana,GF,GUF,24287.0
Kourou,5.16,-52.6499,French Guiana,GF,GUF,24029.0
Quartier Militaire,-20.25,57.55,Mauritius,MU,MUS,22745.0
Ouani,-12.135,44.4275,Comoros,KM,COM,22501.0
Gros Islet,14.081,-60.953,Saint Lucia,LC,LCA,21660.0
Mandza,-11.4167,43.3,Comoros,KM,COM,21000.0
Seria,4.6141,114.3302,Brunei,BN,BRN,21082.0
Akureyri,65.6833,-18.1,Iceland,IS,ISL,18925.0
Micoud,13.819,-60.9,Saint Lucia,LC,LCA,16620.0
Keflavik,64.0167,-22.5667,Iceland,IS,ISL,16463.0
Vieux Fort,13.728,-60.954,Saint Lucia,LC,LCA,15750.0
Bisee,14.0243,-60.9744,Saint Lucia,LC,LCA,12980.0
West End,26.6867,-78.975,The Bahamas,BS,BHS,13577.0
Saint David's,12.0444,-61.6806,Grenada,GD,GRD,12486.0
Onchan,54.175,-4.455,Isle Of Man,IM,IMN,9172.0
Koror,7.3419,134.4792,Palau,PW,PLW,8744.0
Sinnamary,5.38,-52.96,French Guiana,GF,GUF,3180.0
Saint-Georges,3.9105,-51.81,French Guiana,GF,GUF,2742.0
Neiafu,-18.6508,-173.9831,Tonga,TO,TON,7391.0
Melekeok,7.5006,134.6241,Palau,PW,PLW,7026.0
Grytviken,-54.2806,-36.508,South Georgia and South Sandwich Islands,GS,SGS,99.0
